Discord ID, Discord Name, Rating, Mu, Sigma, Wins, Losses 
121750761905455104,Thomas446,0,25.0,8.333333333333334,0,0
688152319228903431,Liv,0,25,8.333333333333334,0,0
